series_label,a2,a1,a0,r2,n_points,span_col,sag_col
0,9.432947331758159e-05,-0.007755140092046357,0.5544407386230237,0.9999807356183756,82,span_m,sag_m
